Name,URL,Address
Delhi Dairy,"https://www.google.com/maps/place/Delhi+Dairy/@28.6088906,76.8226314,11z/data=!4m10!1m2!2m1!1sdairy+in+delhi!3m6!1s0x390d1cac30e1f01b:0x4926eb51c9e556d8!8m2!3d28.6088906!4d77.1110225!15sCg5kYWlyeSBpbiBkZWxoaVoQIg5kYWlyeSBpbiBkZWxoaZIBC2RhaXJ5X3N0b3JlmgEkQ2hkRFNVaE5NRzluUzBWSlEwRm5TVVI0TjNSNWQzQlJSUkFCqgFMCggvbS8wMjg0ZBABKgkiBWRhaXJ5KAAyHxABIhsCCMAoW4ApuLVnUEsfHbI6qmNFiRM5aIugiVYyEhACIg5kYWlyeSBpbiBkZWxoaeABAPoBBAgAECE!16s%2Fg%2F1tgkfn_c?entry=ttu&g_ep=EgoyMDI1MDgxMS4wIKXMDSoASAFQAw%3D%3D","J456+XRG, 1534, 1560Aryasamaj Marg, near Chawla Book Depot, Nangal Raya, Janakpuri, New Delhi, Delhi 110046"
Laxmi Dairy,"https://www.google.com/maps/place/Laxmi+Dairy/@28.6088906,76.8226314,11z/data=!4m10!1m2!2m1!1sdairy+in+delhi!3m6!1s0x390cfdf40203e83f:0xf3d9ab70e9b956e!8m2!3d28.6954562!4d77.2043211!15sCg5kYWlyeSBpbiBkZWxoaVoQIg5kYWlyeSBpbiBkZWxoaZIBC2RhaXJ5X3N0b3JlqgFMCggvbS8wMjg0ZBABKgkiBWRhaXJ5KAAyHxABIhsCCMAoW4ApuLVnUEsfHbI6qmNFiRM5aIugiVYyEhACIg5kYWlyeSBpbiBkZWxoaeABAA!16s%2Fg%2F1wrtb792?entry=ttu&g_ep=EgoyMDI1MDgxMS4wIKXMDSoASAFQAw%3D%3D","Shop No: 12, 13 &14, Edward Line, Kingsway Camp, GTB Nagar, Thekedaar Surjeet Singh Marg, GTB Nagar, Delhi, 110033"
Whyte Farms,"https://www.google.com/maps/place/Whyte+Farms/@28.6088906,76.8226314,11z/data=!4m10!1m2!2m1!1sdairy+in+delhi!3m6!1s0x390d1bffab6aaaad:0x87cbb3f08de2467b!8m2!3d28.5205432!4d77.0967336!15sCg5kYWlyeSBpbiBkZWxoaVoQIg5kYWlyeSBpbiBkZWxoaZIBEGNvcnBvcmF0ZV9vZmZpY2WaASRDaGREU1VoTk1HOW5TMFZKUTBGblNVUldiR05pTlROUlJSQUKqAUwKCC9tLzAyODRkEAEqCSIFZGFpcnkoADIfEAEiGwIIwChbgCm4tWdQSx8dsjqqY0WJEzloi6CJVjISEAIiDmRhaXJ5IGluIGRlbGhp4AEA-gEECAAQNg!16s%2Fg%2F11g88chvd6?entry=ttu&g_ep=EgoyMDI1MDgxMS4wIKXMDSoASAFQAw%3D%3D","First Floor, The One, opposite Stellar Resort, near Rajokri Flyover, D Block, Kapashera, New Delhi, Delhi 110038"
Bedi Saab Milk,"https://www.google.com/maps/place/Bedi+Saab+Milk/@28.6088906,76.8226314,11z/data=!4m10!1m2!2m1!1sdairy+in+delhi!3m6!1s0x390d1def6f8cf965:0x64c5f4da62ceb18c!8m2!3d28.528944!4d77.1521114!15sCg5kYWlyeSBpbiBkZWxoaVoQIg5kYWlyeSBpbiBkZWxoaZIBCmRhaXJ5X2Zhcm2aASNDaFpEU1VoTk1HOW5TMFZKUTBGblNVTXljMG8yYTFCQkVBRaoBTAoIL20vMDI4NGQQASoJIgVkYWlyeSgAMh8QASIbAgjAKFuAKbi1Z1BLHx2yOqpjRYkTOWiLoIlWMhIQAiIOZGFpcnkgaW4gZGVsaGngAQD6AQQIABAs!16s%2Fg%2F11h_btrw66?entry=ttu&g_ep=EgoyMDI1MDgxMS4wIKXMDSoASAFQAw%3D%3D","Shed no 40-B, Masoodpur, Sector B, Vasant Kunj, New Delhi, Delhi 110070"
Naresh Milk Dairy Farm ( Cow & Buffalo Milk in Delhi-Ncr ),"https://www.google.com/maps/place/Naresh+Milk+Dairy+Farm+(+Cow+%26+Buffalo+Milk+in+Delhi-Ncr+)/@28.6088906,76.8226314,11z/data=!4m10!1m2!2m1!1sdairy+in+delhi!3m6!1s0x390d05b32a8915af:0xa9df14888f1cf5e9!8m2!3d28.6681403!4d77.0562828!15sCg5kYWlyeSBpbiBkZWxoaZIBCmRhaXJ5X2Zhcm2qAUwKCC9tLzAyODRkEAEqCSIFZGFpcnkoADIfEAEiGwIIwChbgCm4tWdQSx8dsjqqY0WJEzloi6CJVjISEAIiDmRhaXJ5IGluIGRlbGhp4AEA!16s%2Fg%2F11gfkhsbgd?entry=ttu&g_ep=EgoyMDI1MDgxMS4wIKXMDSoASAFQAw%3D%3D","3/20, C-55, Aman Puri, Block B, Kamrudin Nagar, Nangloi, New Delhi, Delhi, 110041"
Doodhvale Farms - A2 Desi Cow Milk In Delhi NCR,"https://www.google.com/maps/place/Doodhvale+Farms+-+A2+Desi+Cow+Milk+In+Delhi+NCR/@28.6088906,76.8226314,11z/data=!4m10!1m2!2m1!1sdairy+in+delhi!3m6!1s0x390d01c7f7b5a2fb:0xcc2eb57a2fa6e783!8m2!3d28.7122324!4d77.1372638!15sCg5kYWlyeSBpbiBkZWxoaVoQIg5kYWlyeSBpbiBkZWxoaZIBDmRhaXJ5X3N1cHBsaWVymgEjQ2haRFNVaE5NRzluUzBWSlEwRm5UVU5SZEZwdVZWcDNFQUWqAUwKCC9tLzAyODRkEAEqCSIFZGFpcnkoADIfEAEiGwIIwChbgCm4tWdQSx8dsjqqY0WJEzloi6CJVjISEAIiDmRhaXJ5IGluIGRlbGhp4AEA-gEECFkQRg!16s%2Fg%2F11fylyvp8g?entry=ttu&g_ep=EgoyMDI1MDgxMS4wIKXMDSoASAFQAw%3D%3D","D Block, Central Market, B2, Vikas Chamber, Prashant Vihar, Rohini, Delhi, 110085"
"Freshline Dairy - Best Cow Milk in Delhi, Pure A2 cow milk in Delhi, Fastest & Free Milk delivery in Delhi","https://www.google.com/maps/place/Freshline+Dairy+-+Best+Cow+Milk+in+Delhi,+Pure+A2+cow+milk+in+Delhi,+Fastest+%26+Free+Milk+delivery+in+Delhi/@28.6088906,76.8226314,11z/data=!4m10!1m2!2m1!1sdairy+in+delhi!3m6!1s0x390d05450171558f:0xaf8178823d86d600!8m2!3d28.6210437!4d77.0783482!15sCg5kYWlyeSBpbiBkZWxoaVoQIg5kYWlyeSBpbiBkZWxoaZIBC2RhaXJ5X3N0b3JlqgFMCggvbS8wMjg0ZBABKgkiBWRhaXJ5KAAyHxABIhsCCMAoW4ApuLVnUEsfHbI6qmNFiRM5aIugiVYyEhACIg5kYWlyeSBpbiBkZWxoaeABAA!16s%2Fg%2F11mxdndn1v?entry=ttu&g_ep=EgoyMDI1MDgxMS4wIKXMDSoASAFQAw%3D%3D","Wz 38, Asalatpur Rd, Block A3, Janakpuri, New Delhi, Delhi, 110058"
Ksheerdham Dairy Products,"https://www.google.com/maps/place/Ksheerdham+Dairy+Products/@28.6088906,76.8226314,11z/data=!4m10!1m2!2m1!1sdairy+in+delhi!3m6!1s0x390d0e31e2ffffef:0xde28809887c8e45d!8m2!3d28.591577!4d77.001077!15sCg5kYWlyeSBpbiBkZWxoaVoQIg5kYWlyeSBpbiBkZWxoaZIBBWRhaXJ5qgFMCggvbS8wMjg0ZBABKgkiBWRhaXJ5KAAyHxABIhsCCMAoW4ApuLVnUEsfHbI6qmNFiRM5aIugiVYyEhACIg5kYWlyeSBpbiBkZWxoaeABAA!16s%2Fg%2F11c7w01ypc?entry=ttu&g_ep=EgoyMDI1MDgxMS4wIKXMDSoASAFQAw%3D%3D","Shyam Vihar, B-4/10A, Road, Deenpur, Phase 2, Najafgarh, Delhi, 110043"
"Mother Dairy Milk Shop - Vasant Kunj, New Delhi","https://www.google.com/maps/place/Mother+Dairy+Milk+Shop+-+Vasant+Kunj,+New+Delhi/@28.6088906,76.8226314,11z/data=!4m10!1m2!2m1!1sdairy+in+delhi!3m6!1s0x390d1c2b6659a48b:0x96d8d3f08268da4!8m2!3d28.5300835!4d77.1469668!15sCg5kYWlyeSBpbiBkZWxoaVoQIg5kYWlyeSBpbiBkZWxoaZIBC2RhaXJ5X3N0b3JlmgEkQ2hkRFNVaE5NRzluUzBWSlEwRm5TVU15TWpWNk9EbEJSUkFCqgFMCggvbS8wMjg0ZBABKgkiBWRhaXJ5KAAyHxABIhsCCMAoW4ApuLVnUEsfHbI6qmNFiRM5aIugiVYyEhACIg5kYWlyeSBpbiBkZWxoaeABAPoBBAgAECo!16s%2Fg%2F11d_v3t2nr?entry=ttu&g_ep=EgoyMDI1MDgxMS4wIKXMDSoASAFQAw%3D%3D","Gate No 2, DDA Flats, Booth No 15129, No D7-D8, Vasant Kunj Rd, opposite Brahmakumaris Meditation Centre, Sector D, Vasant Kunj, New Delhi, Delhi 110070"
Chajju Ram Dairy,"https://www.google.com/maps/place/Chajju+Ram+Dairy/@28.6088906,76.8226314,11z/data=!3m1!5s0x390d19ed3e52e805:0x104ebfc13af40168!4m10!1m2!2m1!1sdairy+in+delhi!3m6!1s0x390d19ed3e7aa26b:0xef2dd31aa75c979a!8m2!3d28.5005976!4d77.0321152!15sCg5kYWlyeSBpbiBkZWxoaVoQIg5kYWlyeSBpbiBkZWxoaZIBC2RhaXJ5X3N0b3JlmgEkQ2hkRFNVaE5NRzluUzBWSlEwRm5TVVJuZFZwRWNYaEJSUkFCqgFMCggvbS8wMjg0ZBABKgkiBWRhaXJ5KAAyHxABIhsCCMAoW4ApuLVnUEsfHbI6qmNFiRM5aIugiVYyEhACIg5kYWlyeSBpbiBkZWxoaeABAPoBBAgAEDk!16s%2Fg%2F1hhhg1p7c?entry=ttu&g_ep=EgoyMDI1MDgxMS4wIKXMDSoASAFQAw%3D%3D","Shiv Mandir Rd, chajju ram dairy, Dharam Colony, Choma, Gurugram, Haryana 122017"
