Company Name,Location,Phone,URL
Neodymium ( A Brand Of Numark Audio),New Delhi,08048951322,https://www.neodymiumaudio.com/?pos=1&kwd=speakers&tags=rk:A|plc:1|dt:28|db:01|prc:1|dtp:p|pfs:1|sv:T|rsf:gd|ri:T_A_50_P-|-res:RC4|ktp:N0|mtp:SP|wc:1|lcf:3|cq:gurugram|qr_nm:gl-gd|cs:15458|com-cf:nl|ptrs:na|mc:171|cat:67|qry_typ:P|lang:en|rtn:2-0-0-0-5-3-0|tyr:2|qrd:250811|mrd:250806|prdt:250811|msf:ls|pfen:1|gli:G0I1|v=4|crs=glb
Yoroto International,New Delhi,08048967421,https://www.indiamart.com/soroo/?pos=2&kwd=speakers&tags=rk:A|plc:1|dt:28|db:01||dtp:p|pfs:1|sv:T|rsf:gd|ri:T_A_50_P-|-res:RC4|ktp:N0|mtp:SP|wc:1|lcf:3|cq:gurugram|qr_nm:gl-gd|cs:15458|com-cf:nl|ptrs:na|mc:171|cat:67|qry_typ:P|lang:en|rtn:2-0-0-0-5-3-0|tyr:2|qrd:250811|mrd:250806|prdt:250811|msf:ls|pfen:1|gli:G0I1|v=4|crs=glb
Flowrex Impex,New Delhi,07942549950,https://www.indiamart.com/flowreximpex/?pos=3&kwd=speakers&tags=rk:B|plc:1|dt:28|db:01|prc:1|dtp:p|pfs:1|sv:T|rsf:gd|ri:T_B_50_P-|-res:RC4|ktp:N0|mtp:SP|wc:1|lcf:3|cq:gurugram|qr_nm:gl-gd|cs:15458|com-cf:nl|ptrs:na|mc:171|cat:67|qry_typ:P|lang:en|rtn:2-0-0-0-5-3-0|tyr:2|qrd:250811|mrd:250806|prdt:250811|msf:ls|pfen:1|gli:G0I1|v=4|crs=glb
R.G. Electronics,New Delhi,08043855029,https://www.indiamart.com/rgelectronics-sultanpuri/?pos=4&kwd=speakers&tags=rk:B||dt:28|db:01|prc:1|dtp:p||sv:T|rsf:gd|ri:T_B_50_NP-|-res:RC4|ktp:N0|mtp:SP|wc:1|lcf:3|cq:gurugram|qr_nm:gl-gd|cs:15458|com-cf:nl|ptrs:na|mc:171|cat:67|qry_typ:P|lang:en|rtn:2-0-0-0-5-3-0|tyr:2|qrd:250811|mrd:250806|prdt:250811|msf:ls|pfen:1|gli:G0I1|v=4|crs=glb
A K Enterprises,New Delhi,08044456118,https://www.akentindia.com/?pos=5&kwd=speakers&tags=rk:B|plc:1|dt:28|db:01|prc:1|dtp:p|pfs:1|sv:T|rsf:gd|ri:T_B_50_P-|-res:RC4|ktp:N0|mtp:SP|wc:1|lcf:3|cq:gurugram|qr_nm:gl-gd|cs:15458|com-cf:nl|ptrs:na|mc:171|cat:67|qry_typ:P|lang:en|rtn:2-0-0-0-5-3-0|tyr:2|qrd:250811|mrd:250806|prdt:250811|msf:ls|pfen:1|gli:G0I1|v=4|crs=glb
Cloud99,New Delhi,08048605658,https://www.indiamart.com/cloud-ninetynine/?pos=6&kwd=speakers&tags=rk:TS|plc:1|dt:28|db:01|prc:1|dtp:p|pfs:1|sv:T|rsf:gl|ri:T_TS_50_P-|-res:RC4|ktp:N0|mtp:SP|wc:1|lcf:3|cq:gurugram|qr_nm:gl-gd|cs:15458|com-cf:nl|ptrs:na|mc:171|cat:67|qry_typ:P|lang:en|rtn:2-0-0-0-5-3-0|tyr:2|qrd:250811|mrd:250806|prdt:250811|msf:ls|pfen:1|gli:G0I1|v=4|crs=glb
Desire Electronics,New Delhi,07942619310,https://www.indiamart.com/desireelectronics/?pos=7&kwd=speakers&tags=rk:A||dt:28|db:01||dtp:p||sv:M|rsf:gl|ri:M_A_50_NP-|-res:RC4|ktp:N0|mtp:SP|wc:1|lcf:3|cq:gurugram|qr_nm:gl-gd|cs:15458|com-cf:nl|ptrs:na|mc:171|cat:67|qry_typ:P|lang:en|rtn:2-0-0-0-5-3-0|tyr:2|qrd:250811|mrd:250806|prdt:250811|msf:ls|pfen:1|gli:G0I1|v=4|crs=glb
Viraj Car Tyres And Decor,Ghaziabad,08047642895,https://www.indiamart.com/virajcardecor-ghaziabad/?pos=8&kwd=speakers&tags=rk:C||dt:47|db:01||dtp:p||sv:M|rsf:gd|ri:M_C_50_NP-|-res:RC4|ktp:N0|mtp:SP|wc:1|lcf:3|cq:gurugram|qr_nm:gl-gd|cs:15458|com-cf:nl|ptrs:na|mc:171|cat:67|qry_typ:P|lang:en|rtn:2-0-0-0-5-3-0|tyr:2|qrd:250811|mrd:250806|prdt:250811|msf:ls|pfen:1|gli:G0I1|v=4|crs=glb
M/S Liv-In-Sedia,New Delhi,07942548516,https://www.indiamart.com/livinsedia/?pos=9&kwd=speakers&tags=rk:C|plc:1|dt:28|db:01|prc:1|dtp:p||sv:T|rsf:gd|ri:T_C_50_P-|-res:RC4|ktp:N0|mtp:SP|wc:1|lcf:3|cq:gurugram|qr_nm:gl-gd|cs:15458|com-cf:nl|ptrs:na|mc:171|cat:67|qry_typ:P|lang:en|rtn:2-0-0-0-5-3-0|tyr:2|qrd:250811|mrd:250806|prdt:250811|msf:ls|pfen:1|gli:G0I1|v=4|crs=glb
Hilton Electronics,New Delhi,08047666885,https://www.indiamart.com/hilton-electonics/?pos=10&kwd=speakers&tags=rk:B||dt:28|db:01||dtp:p||sv:VGP|rsf:gd|ri:VGP_B_50_NP-|-res:RC4|ktp:N0|mtp:SP|wc:1|lcf:3|cq:gurugram|qr_nm:gl-gd|cs:15458|com-cf:nl|ptrs:na|mc:171|cat:67|qry_typ:P|lang:en|rtn:2-0-0-0-5-3-0|tyr:2|qrd:250811|mrd:250806|prdt:250811|msf:ls|pfen:1|gli:G0I1|v=4|crs=glb
Soundcare India,Faridabad,07942711238,https://www.indiamart.com/soundcare-india/?pos=11&kwd=speakers&tags=rk:B||dt:29|db:01|prc:1|dtp:p||sv:VGP|rsf:gd|ri:VGP_B_50_NP-|-res:RC4|ktp:N0|mtp:SP|wc:1|lcf:3|cq:gurugram|qr_nm:gl-gd|cs:15458|com-cf:nl|ptrs:na|mc:171|cat:67|qry_typ:P|lang:en|rtn:0-0-0-0-4-6-0|tyr:2|qrd:250811|mrd:250806|prdt:250811|msf:ls|pfen:1|gli:G0I1|v=4|crs=glb
Oura Products,New Delhi,08044014571,https://www.indiamart.com/oura-speaker/?pos=12&kwd=speakers&tags=rk:B||dt:28|db:01||dtp:p||sv:VGP|rsf:gd|ri:VGP_B_50_NP-|-res:RC4|ktp:N0|mtp:SP|wc:1|lcf:3|cq:gurugram|qr_nm:gl-gd|cs:15458|com-cf:nl|ptrs:na|mc:171|cat:67|qry_typ:P|lang:en|rtn:0-0-0-0-4-6-0|tyr:2|qrd:250811|mrd:250806|prdt:250811|msf:ls|pfen:1|gli:G0I1|v=4|crs=glb
Balaji Digital Xpress,Gurugram,08046031995,https://www.bdxstore.com/?pos=13&kwd=speakers&tags=rk:T|plc:1|dt:0|db:01|prc:1|dtp:p|pfs:1|sv:T|rsf:gd|ri:T_T_0_P-|-res:RC4|ktp:N0|mtp:SP|wc:1|lcf:3|cq:gurugram|qr_nm:gl-gd|cs:15458|com-cf:nl|ptrs:na|mc:171|cat:67|qry_typ:P|lang:en|rtn:0-0-0-0-4-6-0|tyr:2|qrd:250811|mrd:250806|prdt:250811|msf:ls|pfen:1|gli:G0I1|v=4|crs=glb
Quality Security Systems,Gurgaon,08048955360,https://www.indiamart.com/qualitysecuritysystems/?pos=14&kwd=speakers&tags=rk:T|plc:1|dt:0|db:01|prc:1|dtp:p||sv:T|rsf:gd|ri:T_T_0_P-|-res:RC4|ktp:N0|mtp:SP|wc:1|lcf:3|cq:gurugram|qr_nm:gl-gd|cs:15458|com-cf:nl|ptrs:na|mc:171|cat:67|qry_typ:P|lang:en|rtn:0-0-0-0-4-6-0|tyr:2|qrd:250811|mrd:250806|prdt:250811|msf:ls|pfen:1|gli:G0I1|v=4|crs=glb
Hitech Security Solutions,Gurugram,08048952282,https://www.indiamart.com/hitechsecuritysolutions/?pos=15&kwd=speakers&tags=rk:T|plc:1|dt:0|db:01|prc:1|dtp:p||sv:T|rsf:gd|ri:T_T_0_P-|-res:RC4|ktp:N0|mtp:SP|wc:1|lcf:3|cq:gurugram|qr_nm:gl-gd|cs:15458|com-cf:nl|ptrs:na|mc:171|cat:67|qry_typ:P|lang:en|rtn:0-0-0-0-4-6-0|tyr:2|qrd:250811|mrd:250806|prdt:250811|msf:ls|pfen:1|gli:G0I1|v=4|crs=glb
